fishID,half,prePost,largeMalePosition,fishName,round,treatment,transits,center,left_screen,left_side,plant,right_screen,right_side,latency_plant,latency_right_screen,latency_left_screen,trial_dur,center_prop,left screen_prop,left side_prop,plant_prop,right screen_prop,right side_prop,center_p,left screen_p,left side_p,plant_p,right screen_p,right side_p
fid5,p1,post,none,abigail,1,LL,37,8.54,9.608,18.421,92.657,141.692,24.274,2.233,99.13,71.536,295.192,0.028930323,0.032548308,0.062403453,0.313887233,0.479999458,0.082231226,0.028930323,0.032548308,0.062403453,0.313887233,0.479999458,0.082231226
fid5,p1,pre,none,abigail,1,LL,46.5,14.412,24.971,26.6815,45.244,152.99,36.3855,1.1885,32.548,59.774,300.684,0.047930718,0.083047319,0.088736015,0.150470261,0.508806588,0.121009099,0.047930718,0.083047319,0.088736015,0.150470261,0.508806588,0.121009099
fid5,p2,post,right,abigail,1,LL,37,4.27,14.713,20.554,0,214.395,43.786,300,1.263,29.558,297.718,0.014342431,0.049419249,0.069038486,0,0.720127772,0.147072061,0.014342431,0.049419249,0.069038486,0,0.720127772,0.147072061
fid5,p2,pre,left,abigail,1,LL,23,1.8665,202.0905,28.7005,0,56.856,2.808,300,1.346,66.271,292.3215,0.006385093,0.691329581,0.098181283,0,0.194498181,0.009605862,0.006385093,0.691329581,0.098181283,0,0.194498181,0.009605862
fid5,p3,post,left,abigail,1,LL,14,6.673,0,0,10.949,270.418,10.946,149.598,0.122,300,298.986,0.022318771,0,0,0.036620444,0.904450376,0.03661041,0.022318771,0,0,0.036620444,0.904450376,0.03661041
fid5,p3,pre,right,abigail,1,LL,26,12.143,219.723,13.3495,1.8685,32.033,20.813,264.3345,189.055,0.1945,299.93,0.040486113,0.732580936,0.044508719,0.006229787,0.106801587,0.069392858,0.040486113,0.732580936,0.044508719,0.006229787,0.106801587,0.069392858
fid21,p1,post,none,adele,5,LS,56,22.4425,50.455,46.8055,25.644,100.334,53.966,26.7335,1.04,11.012,299.647,0.074896462,0.168381462,0.156202131,0.0855807,0.334840663,0.180098583,0.074896462,0.168381462,0.156202131,0.0855807,0.334840663,0.180098583
fid21,p1,pre,none,adele,5,LS,1,0,0,0,298.7175,0,0,1.187,300,300,298.7175,0,0,0,1,0,0,0,0,0,1,0,0
fid21,p2,post,right,adele,5,LS,68,14.007,61.652,26.421,26.68,134.726,33.496,12.324,17.229,3.617,296.982,0.047164475,0.207595073,0.088964988,0.089837095,0.45365039,0.11278798,0.047164475,0.207595073,0.088964988,0.089837095,0.45365039,0.11278798
fid21,p2,pre,left,adele,5,LS,1,0,0,0,297.0635,0,0,2.9365,300,300,297.0635,0,0,0,1,0,0,0,0,0,1,0,0
fid21,p3,post,left,adele,5,LS,35,12.08,176.213,22.164,23.117,45.454,20.041,165.57,197.222,0.339,299.069,0.040392017,0.589205167,0.074109988,0.077296544,0.151984993,0.067011292,0.040392017,0.589205167,0.074109988,0.077296544,0.151984993,0.067011292
fid21,p3,pre,right,adele,5,LS,1,0,0,0,298.789,0,0,0.023,300,300,298.789,0,0,0,1,0,0,0,0,0,1,0,0
fid39,p1,pre,none,alexandra,2,INT,2.5,0,0,0,0,147.7125,2.5335,300,1.221,300,150.246,0,0,0,0,0.983137654,0.016862346,0,0,0,0,0.983137654,0.016862346
fid39,p2,pre,right,alexandra,2,INT,19,7.4575,8.139,8.8455,0,109.625,14.6705,300,1.507,267.6795,148.7375,0.050138667,0.054720565,0.059470544,0,0.737036726,0.098633499,0.050138667,0.054720565,0.059470544,0,0.737036726,0.098633499
fid39,p3,pre,left,alexandra,2,INT,4,0,296.9375,0.7995,0,0,0,300,300,0.3605,297.737,0,0.997314744,0.002685256,0,0,0,0,0.997314744,0.002685256,0,0,0
fid29,p1,pre,none,alice,5,LS,23,15.182,33.7045,31.6695,191.029,15.4165,9.0075,49.2175,242.2115,15.4695,296.009,0.051288981,0.113863092,0.106988301,0.645348621,0.052081187,0.030429818,0.051288981,0.113863092,0.106988301,0.645348621,0.052081187,0.030429818
fid29,p2,pre,right,alice,5,LS,44.5,11.6615,40.7005,21.475,113.36,76.244,35.393,33.057,18.6405,0.6435,298.834,0.039023337,0.136197688,0.071862639,0.379341039,0.255138304,0.118436992,0.039023337,0.136197688,0.071862639,0.379341039,0.255138304,0.118436992
fid29,p3,pre,left,alice,5,LS,38,18.0195,18.553,15.6145,206.1875,23.8095,14.56,4.6855,112.1345,38.492,296.744,0.060724058,0.062521904,0.05261943,0.69483292,0.080235826,0.049065861,0.060724058,0.062521904,0.05261943,0.69483292,0.080235826,0.049065861
fid19,p1,post,none,allison,4,FF,59,25.3555,65.5585,49.3045,59.1285,47.952,50.5825,11.061,29.479,43.8615,297.8815,0.085119418,0.220082482,0.16551716,0.198496718,0.160976764,0.169807457,0.085119418,0.220082482,0.16551716,0.198496718,0.160976764,0.169807457
fid19,p1,pre,none,allison,4,FF,82.5,38.0805,37.4475,66.3035,60.2645,29.061,68.4415,28.665,12.248,36.269,299.5985,0.127105109,0.124992281,0.22130785,0.201150874,0.096999818,0.228444068,0.127105109,0.124992281,0.22130785,0.201150874,0.096999818,0.228444068
fid19,p2,post,left,allison,4,FF,60,24.3235,139.5695,71.524,0,23.522,40.707,300,66.0005,0.682,299.646,0.081174119,0.465781289,0.238694993,0,0.078499296,0.135850303,0.081174119,0.465781289,0.238694993,0,0.078499296,0.135850303
fid19,p2,pre,right,allison,4,FF,100.5,27.267,56.797,59.6645,53.0255,53.7765,49.009,25.5125,30.7185,6.9965,299.5395,0.091029731,0.189614391,0.199187419,0.177023398,0.179530579,0.163614482,0.091029731,0.189614391,0.199187419,0.177023398,0.179530579,0.163614482
fid19,p3,post,right,allison,4,FF,45.5,41.3775,24.553,32.883,58.7075,91.0465,47.067,55.9345,7.1035,0.713,295.6345,0.139961676,0.083051877,0.111228561,0.198581356,0.307969807,0.159206723,0.139961676,0.083051877,0.111228561,0.198581356,0.307969807,0.159206723
fid19,p3,pre,left,allison,4,FF,82,31.5005,40.388,70.7565,89.348,19.022,46.54,54.193,37.8285,1.3875,297.555,0.105864462,0.13573289,0.237793013,0.300273899,0.063927677,0.156408059,0.105864462,0.13573289,0.237793013,0.300273899,0.063927677,0.156408059
fid10,p1,post,none,alyssa,2,INT,53,22.42,144.677,37.373,29.628,38.439,27.201,0.973,54.293,10.214,299.738,0.074798657,0.482678206,0.124685559,0.098846326,0.128241998,0.090749254,0.074798657,0.482678206,0.124685559,0.098846326,0.128241998,0.090749254
fid10,p1,pre,none,alyssa,2,INT,15.5,6.941,4.136,8.41,4.54,257.022,17.6585,33.5085,3.345,25.103,298.7075,0.023236778,0.013846321,0.028154633,0.015198815,0.860447093,0.05911636,0.023236778,0.013846321,0.028154633,0.015198815,0.860447093,0.05911636
fid10,p2,post,right,alyssa,2,INT,17,0,3.052,1.602,1.334,271.971,19.957,294.043,1.326,296.747,297.916,0,0.010244498,0.005377355,0.004477772,0.912911693,0.066988681,0,0.010244498,0.005377355,0.004477772,0.912911693,0.066988681
fid10,p2,pre,right,alyssa,2,INT,2.5,0,0,0,0,298.4395,0.2685,300,0.6255,300,298.708,0,0,0,0,0.999101129,0.000898871,0,0,0,0,0.999101129,0.000898871
fid10,p3,post,left,alyssa,2,INT,4,0,0,0,0,292.948,2.133,300,0.6475,300,295.081,0,0,0,0,0.992771476,0.007228524,0,0,0,0,0.992771476,0.007228524
fid10,p3,pre,left,alyssa,2,INT,3,0,0,0,0,291.6345,8.275,300,0.1025,300,299.9095,0,0,0,0,0.972408343,0.027591657,0,0,0,0,0.972408343,0.027591657
fid17,p1,post,none,amanda,2,INT,41,30.87,79.817,34.174,4.268,106.735,45.656,11.291,17.161,42.72,301.52,0.102381268,0.264715442,0.113339082,0.014154948,0.353989785,0.151419475,0.102381268,0.264715442,0.113339082,0.014154948,0.353989785,0.151419475
fid17,p1,pre,none,amanda,2,INT,48.5,18.417,69.136,34.969,0.4,129.1295,47.179,244.9825,1.2995,19.95,299.2305,0.06154787,0.231045966,0.116863087,0.001336762,0.431538563,0.157667751,0.06154787,0.231045966,0.116863087,0.001336762,0.431538563,0.157667751
fid17,p2,post,right,amanda,2,INT,9,0,0,0,0,286.394,11.208,300,1.416,300,297.602,0,0,0,0,0.962338963,0.037661037,0,0,0,0,0.962338963,0.037661037
fid17,p2,pre,right,amanda,2,INT,18,4.4,240.9355,39.9065,0,6.539,4.9425,300,8.2975,24.354,296.7235,0.01482862,0.81198658,0.134490527,0,0.022037351,0.016656921,0.01482862,0.81198658,0.134490527,0,0.022037351,0.016656921
fid17,p3,post,left,amanda,2,INT,11,0,0,0,0,288.7855,10.8095,300,0.329,300,299.595,0,0,0,0,0.963919625,0.036080375,0,0,0,0,0.963919625,0.036080375
fid17,p3,pre,left,amanda,2,INT,30,25.041,21.8725,36.6545,3.406,184.9935,23.086,57.8835,24.5435,0.677,295.0535,0.084869354,0.074130624,0.124230013,0.011543669,0.626982903,0.078243437,0.084869354,0.074130624,0.124230013,0.011543669,0.626982903,0.078243437
fid27,p1,post,none,amber,3,SS,9,1.603,0,0,127.116,60.228,108.118,172.87,5.166,300,297.065,0.005396125,0,0,0.42790635,0.202743507,0.363954017,0.005396125,0,0,0.42790635,0.202743507,0.363954017
fid27,p2,post,right,amber,3,SS,21,0.5345,178.0185,42.1385,59.3395,0,17.7015,2.4815,300,93.206,297.7325,0.001795236,0.597914235,0.141531408,0.199304745,0,0.059454376,0.001795236,0.597914235,0.141531408,0.199304745,0,0.059454376
fid27,p3,post,left,amber,3,SS,26.5,15.8115,21.8545,9.3435,204.628,9.3815,36.334,2.18,93.801,121.563,297.353,0.053174173,0.07349682,0.031422249,0.688165245,0.031550043,0.122191469,0.053174173,0.07349682,0.031422249,0.688165245,0.031550043,0.122191469
fid25,p1,post,none,amy,4,FF,29,8.103,193.405,32.995,53.472,6.132,5.738,0.023,74.365,34.381,299.845,0.027023962,0.645016592,0.110040187,0.178332138,0.020450566,0.019136554,0.027023962,0.645016592,0.110040187,0.178332138,0.020450566,0.019136554
fid25,p1,pre,none,amy,4,FF,46,7.4735,209.2405,38.5415,2.535,23.778,17.19,61.735,1.2405,24.4635,298.7585,0.025015188,0.700366684,0.129005535,0.008485114,0.079589367,0.057538112,0.025015188,0.700366684,0.129005535,0.008485114,0.079589367,0.057538112
fid25,p2,post,left,amy,4,FF,34,9.217,119.106,37.906,11.872,99.434,19.952,139.158,129.142,0.108,297.487,0.030982866,0.400373798,0.127420694,0.039907626,0.334246539,0.067068477,0.030982866,0.400373798,0.127420694,0.039907626,0.334246539,0.067068477
fid25,p2,pre,right,amy,4,FF,25.5,1.5345,161.5385,5.5395,0,127.0095,3.8725,300,170.128,0.713,299.4945,0.005123633,0.539370506,0.018496166,0,0.424079574,0.012930121,0.005123633,0.539370506,0.018496166,0,0.424079574,0.012930121
fid25,p3,post,right,amy,4,FF,31,0,87.314,18.988,66.032,105.204,18.276,48.065,0.023,89.995,295.814,0,0.295165205,0.064188984,0.223221349,0.355642397,0.061782066,0,0.295165205,0.064188984,0.223221349,0.355642397,0.061782066
fid25,p3,pre,left,amy,4,FF,59,10.3975,34.4745,35.162,14.7,168.913,36.9335,155.282,0.1945,157.234,300.5805,0.034591399,0.114693069,0.11698031,0.048905368,0.561955949,0.122873906,0.034591399,0.114693069,0.11698031,0.048905368,0.561955949,0.122873906
fid12,p1,post,none,andrea,3,SS,24,30.694,6.273,23.725,195.526,10.943,33.899,2.148,171.366,84.065,301.06,0.101953099,0.020836378,0.078804889,0.64945858,0.036348236,0.112598818,0.101953099,0.020836378,0.078804889,0.64945858,0.036348236,0.112598818
fid12,p2,post,right,andrea,3,SS,18,16.015,18.522,47.346,202.816,3.472,11.379,1.247,164.609,6.851,299.55,0.053463529,0.061832749,0.158057086,0.677068937,0.011590719,0.03798698,0.053463529,0.061832749,0.158057086,0.677068937,0.011590719,0.03798698
fid12,p3,post,left,andrea,3,SS,19,5.874,257.992,18.047,17.352,0,0,0.87,300,12.614,299.265,0.019628089,0.862085443,0.060304412,0.057982056,0,0,0.019628089,0.862085443,0.060304412,0.057982056,0,0
fid18,p1,post,none,anna,1,LL,40.5,9.9465,13.513,22.7035,6.0765,222.8405,23.5215,2.5915,21.2775,9.2655,298.6015,0.033310281,0.045254294,0.076032773,0.020349864,0.746280578,0.07877221,0.033310281,0.045254294,0.076032773,0.020349864,0.746280578,0.07877221
fid18,p1,pre,none,anna,1,LL,57,9.3,66.5455,32.817,0,162.067,26.9985,300,0.658,54.9925,297.728,0.031236565,0.223511057,0.110224769,0,0.544345846,0.090681763,0.031236565,0.223511057,0.110224769,0,0.544345846,0.090681763
fid18,p2,post,right,anna,1,LL,20.5,1.333,9.3415,4.173,2.27,269.9945,11.9835,254.27,0.681,241.22,299.0955,0.00445677,0.031232499,0.013952065,0.007589549,0.902703317,0.040065798,0.00445677,0.031232499,0.013952065,0.007589549,0.902703317,0.040065798
fid18,p2,pre,left,anna,1,LL,78,17.5345,49.4625,22.3075,0.803,177.8305,29.2075,227.6985,1.0095,126.9005,297.1455,0.059009812,0.166458856,0.07507265,0.00270238,0.598462706,0.098293597,0.059009812,0.166458856,0.07507265,0.00270238,0.598462706,0.098293597
fid18,p3,post,left,anna,1,LL,40,7.8735,16.012,12.681,1.0675,241.2055,20.896,198.545,0.263,92.0895,299.7355,0.02626816,0.053420432,0.042307301,0.003561473,0.804727835,0.069714799,0.02626816,0.053420432,0.042307301,0.003561473,0.804727835,0.069714799
fid18,p3,pre,right,anna,1,LL,90,25.494,59.788,38.9435,0,128.5955,46.396,300,4.1435,5.6165,299.217,0.085202378,0.19981485,0.130151362,0,0.429773375,0.155058035,0.085202378,0.19981485,0.130151362,0,0.429773375,0.155058035
fid24,p1,post,none,ariana,5,LS,29,5.167,5.1,50.61,51.47,169.894,17.692,32.113,48.262,63.814,299.933,0.017227181,0.017003798,0.168737685,0.171604992,0.566439838,0.058986507,0.017227181,0.017003798,0.168737685,0.171604992,0.566439838,0.058986507
fid24,p1,pre,none,ariana,5,LS,42,30.344,190.51,28.4285,25.6885,13.2505,10.9135,31.5155,78.632,61.1735,299.135,0.10143915,0.636869641,0.095035686,0.085875942,0.044296054,0.036483528,0.10143915,0.636869641,0.095035686,0.085875942,0.044296054,0.036483528
fid24,p2,post,left,ariana,5,LS,23,6.804,121.726,25.217,4.768,129.728,7.214,265.884,0.023,138.56,295.457,0.023028732,0.41199227,0.085349137,0.016137712,0.439075737,0.024416413,0.023028732,0.41199227,0.085349137,0.016137712,0.439075737,0.024416413
fid24,p2,pre,right,ariana,5,LS,54,2.833,5.6855,11.6175,11.158,253.18,13.6625,7.798,10.8685,1.525,298.1365,0.009502359,0.019070124,0.03896705,0.03742581,0.849208332,0.045826325,0.009502359,0.019070124,0.03896705,0.03742581,0.849208332,0.045826325
fid24,p3,post,right,ariana,5,LS,31,6.671,251.883,25.012,1.329,6.275,7.21,0.917,5.358,28.501,298.38,0.022357397,0.84416851,0.083825994,0.004454052,0.02103023,0.024163818,0.022357397,0.84416851,0.083825994,0.004454052,0.02103023,0.024163818
fid24,p3,pre,left,ariana,5,LS,40,2.5345,107.947,22.0195,6.543,152.493,7.3065,161.8555,0.5735,156.2015,298.8435,0.008481028,0.36121582,0.073682379,0.021894403,0.510277118,0.024449252,0.008481028,0.36121582,0.073682379,0.021894403,0.510277118,0.024449252
fid38,p1,post,none,audrey,4,FF,34,11.121,44.048,24.862,19.485,183.173,14.274,0.788,28.853,10.934,296.963,0.03744911,0.148328243,0.083720868,0.065614235,0.616820951,0.048066594,0.03744911,0.148328243,0.083720868,0.065614235,0.616820951,0.048066594
fid38,p1,pre,none,audrey,4,FF,13,1.065,195.98,4.6695,30.6485,54.793,3.164,60.135,2.461,93.2515,290.32,0.003668366,0.675048223,0.016083976,0.105567994,0.188733122,0.010898319,0.003668366,0.675048223,0.016083976,0.105567994,0.188733122,0.010898319
fid38,p2,post,left,audrey,4,FF,1,0,0,0,0,299.66,0,300,0.058,300,299.66,0,0,0,0,1,0,0,0,0,0,1,0
fid38,p2,pre,right,audrey,4,FF,27,4.2765,5.2035,6.409,33.097,239.182,9.875,5.8855,9.8045,1.131,298.043,0.014348601,0.01745889,0.021503609,0.111047735,0.802508363,0.033132803,0.014348601,0.01745889,0.021503609,0.111047735,0.802508363,0.033132803
fid38,p3,post,right,audrey,4,FF,4,0.934,0,0.7665,0,295.389,1.5515,300,4.241,300,298.641,0.003127501,0,0.002566627,0,0.989110671,0.005195201,0.003127501,0,0.002566627,0,0.989110671,0.005195201
fid38,p3,pre,left,audrey,4,FF,3,0,0,0,0,294.0005,1.8035,300,1.0025,300,295.804,0,0,0,0,0.993903057,0.006096943,0,0,0,0,0.993903057,0.006096943
fid13,p1,post,none,ava,1,LL,76,22.578,79.105,50.15,39.361,61.934,45.217,10.44,2.075,20.049,298.345,0.075677487,0.265146056,0.168093985,0.131931154,0.207591882,0.151559436,0.075677487,0.265146056,0.168093985,0.131931154,0.207591882,0.151559436
fid13,p1,pre,none,ava,1,LL,76,24.9435,70.3025,35.903,5.72,120.152,40.1735,1.899,11.147,34.8645,297.1945,0.083929884,0.236553839,0.120806408,0.019246655,0.404287428,0.135175786,0.083929884,0.236553839,0.120806408,0.019246655,0.404287428,0.135175786
fid13,p2,post,right,ava,1,LL,69,35.505,94.212,54.959,8.008,58.455,46.717,59.996,3.673,14.207,297.856,0.119201896,0.316300494,0.184515336,0.026885475,0.196252552,0.156844247,0.119201896,0.316300494,0.184515336,0.026885475,0.196252552,0.156844247
fid13,p2,pre,left,ava,1,LL,93.5,24.176,47.011,34.5315,3.8725,142.256,46.929,64.634,0.776,32.381,298.776,0.080916807,0.157345302,0.115576552,0.012961215,0.476129274,0.157070849,0.080916807,0.157345302,0.115576552,0.012961215,0.476129274,0.157070849
fid13,p3,post,left,ava,1,LL,51,14.269,169.247,49.641,22.461,9.352,36.433,238.538,197.76,0.294,301.403,0.047341931,0.561530575,0.164699754,0.074521488,0.031028225,0.120878027,0.047341931,0.561530575,0.164699754,0.074521488,0.031028225,0.120878027
fid13,p3,pre,right,ava,1,LL,56,12.405,107.834,40.299,0.935,114.824,21.2895,218.645,4.0485,15.7575,297.5865,0.041685359,0.362361868,0.135419449,0.003141944,0.385850837,0.071540544,0.041685359,0.362361868,0.135419449,0.003141944,0.385850837,0.071540544
fid31,p1,post,none,bailey,1,LL,41,17.1975,49.5155,36.1795,68.067,81.9405,48.536,10.726,1.793,33.975,301.436,0.057051912,0.164265383,0.120023819,0.225809127,0.271833822,0.161015937,0.057051912,0.164265383,0.120023819,0.225809127,0.271833822,0.161015937
fid31,p1,pre,none,bailey,1,LL,63.5,31.354,78.099,39.5015,55.888,50.418,42.961,0.6735,70.065,52.7085,298.2215,0.105136618,0.261882527,0.132456915,0.187404329,0.169062257,0.144057353,0.105136618,0.261882527,0.132456915,0.187404329,0.169062257,0.144057353
fid31,p2,post,right,bailey,1,LL,37.5,24.574,19.7875,24.1575,0,186.171,45.0175,300,2.904,195.5955,299.7075,0.081993277,0.066022705,0.080603588,0,0.621175646,0.150204783,0.081993277,0.066022705,0.080603588,0,0.621175646,0.150204783
fid31,p2,pre,left,bailey,1,LL,30,6.7405,211.832,45.713,0.401,21.687,11.4125,192,76.6535,0.5425,297.786,0.022635382,0.711356477,0.153509567,0.001346605,0.072827467,0.038324501,0.022635382,0.711356477,0.153509567,0.001346605,0.072827467,0.038324501
fid31,p3,post,left,bailey,1,LL,18.5,7.0745,2.8015,5.874,0.2665,267.5705,9.679,253.7945,2.7695,201.7235,293.266,0.024123151,0.009552761,0.020029598,0.000908731,0.912381592,0.033004167,0.024123151,0.009552761,0.020029598,0.000908731,0.912381592,0.033004167
fid31,p3,pre,right,bailey,1,LL,54.5,46.1155,42.81,60.088,6.6065,89.4065,51.447,4.6945,14.349,1.3595,296.4735,0.155546786,0.144397391,0.202675787,0.022283611,0.301566582,0.173529843,0.155546786,0.144397391,0.202675787,0.022283611,0.301566582,0.173529843
fid33,p1,post,none,barbara,2,INT,23,8.009,252.005,16.013,0,16.419,6.668,300,15.301,4.888,299.114,0.026775744,0.842504864,0.053534773,0,0.054892115,0.022292504,0.026775744,0.842504864,0.053534773,0,0.054892115,0.022292504
fid33,p2,post,right,barbara,2,INT,15,2.569,275.916,12.543,0,4.671,3.736,300,264.016,0.078,299.435,0.008579491,0.921455408,0.041888891,0,0.015599379,0.012476831,0.008579491,0.921455408,0.041888891,0,0.015599379,0.012476831
fid33,p3,post,left,barbara,2,INT,13,5.61,280.363,9.948,0,0,3.736,300,300,0.086,299.657,0.018721405,0.935613051,0.033197956,0,0,0.012467588,0.018721405,0.935613051,0.033197956,0,0,0.012467588
fid1,p1,post,none,barbie,1,LL,16,24.262,0,24.587,63.031,169.564,17.743,12.625,102.021,300,299.187,0.081093096,0,0.082179373,0.210674261,0.566749224,0.059304047,0.081093096,0,0.082179373,0.210674261,0.566749224,0.059304047
fid1,p1,pre,none,barbie,1,LL,29,9.498,167.87,17.447,39.004,48.048,16.008,6.138,38.373,3.904,297.875,0.031885858,0.56355854,0.058571548,0.130940831,0.16130256,0.053740663,0.031885858,0.56355854,0.058571548,0.130940831,0.16130256,0.053740663
fid1,p2,post,right,barbie,1,LL,13,0,0,0,0,291.146,8.807,300,0.841,300,299.953,0,0,0,0,0.970638733,0.029361267,0,0,0,0,0.970638733,0.029361267
fid1,p2,pre,left,barbie,1,LL,37,22.237,206.714,20.025,0,21.777,29.334,300,155.75,0.023,300.087,0.074101844,0.688846901,0.066730648,0,0.072568955,0.097751652,0.074101844,0.688846901,0.066730648,0,0.072568955,0.097751652
fid1,p3,post,left,barbie,1,LL,42,7.473,8.804,20.291,9.885,207.022,44.88,215.721,0.475,201.409,298.355,0.025047343,0.029508471,0.068009586,0.033131672,0.693878098,0.150424829,0.025047343,0.029508471,0.068009586,0.033131672,0.693878098,0.150424829
fid1,p3,pre,right,barbie,1,LL,23,19.646,0,13.304,0,242.815,21.94,300,0.066,299.82,297.705,0.065991502,0,0.044688534,0,0.815622848,0.073697116,0.065991502,0,0.044688534,0,0.815622848,0.073697116
fid35,p1,post,none,beatrice,2,INT,22,7.207,0,14.143,27.321,225.945,24.121,0.65,65.781,300,298.737,0.024124899,0,0.047342646,0.091455026,0.756334167,0.080743262,0.024124899,0,0.047342646,0.091455026,0.756334167,0.080743262
fid35,p2,post,right,beatrice,2,INT,18,30.395,128.623,16.891,24.719,85.671,13.948,94.649,0.788,116.775,300.247,0.101233318,0.428390625,0.056257015,0.082328883,0.285335074,0.046455085,0.101233318,0.428390625,0.056257015,0.082328883,0.285335074,0.046455085
fid35,p3,post,left,beatrice,2,INT,33,26.664,171.78,38.435,0,31.126,30.4,300,18.664,0.099,298.405,0.089355071,0.575660595,0.128801461,0,0.104307904,0.101874969,0.089355071,0.575660595,0.128801461,0,0.104307904,0.101874969
fid28,p1,post,none,becca,3,SS,65.5,12.748,152.878,35.504,9.5255,61.168,26.084,7.0985,0.8775,16.728,297.9075,0.042791806,0.513172713,0.119177933,0.03197469,0.205325479,0.087557379,0.042791806,0.513172713,0.119177933,0.03197469,0.205325479,0.087557379
fid28,p2,post,right,becca,3,SS,72.5,2.939,170.1565,28.7995,13.146,68.8015,13.303,15.2245,19.1075,1.437,297.1455,0.009890777,0.572636974,0.096920532,0.044240953,0.23154145,0.044769313,0.009890777,0.572636974,0.096920532,0.044240953,0.23154145,0.044769313
fid28,p3,post,left,becca,3,SS,49,2.5345,230.442,37.3725,17.2155,1.4495,8.188,0.6935,19.9875,6.045,297.202,0.00852787,0.775371633,0.125747808,0.057925249,0.004877154,0.027550286,0.00852787,0.775371633,0.125747808,0.057925249,0.004877154,0.027550286
fid7,p1,post,none,bella,3,SS,27,4.808,49.542,16.549,19.218,191.254,17.353,222.832,2.086,206.948,298.724,0.016095125,0.165845396,0.055398964,0.064333632,0.640236472,0.058090411,0.016095125,0.165845396,0.055398964,0.064333632,0.640236472,0.058090411
fid7,p2,post,right,bella,3,SS,35,9.781,128.396,65.664,44.603,16.016,34.325,123.17,127.233,1.543,298.785,0.032735914,0.429727061,0.219770069,0.149281256,0.053603762,0.114881939,0.032735914,0.429727061,0.219770069,0.149281256,0.053603762,0.114881939
fid7,p3,post,left,bella,3,SS,40,6.139,213.798,46.345,19.485,3.203,8.573,0.912,231.809,5.15,297.543,0.020632312,0.718544883,0.155759,0.065486333,0.010764831,0.028812642,0.020632312,0.718544883,0.155759,0.065486333,0.010764831,0.028812642
fid22,p1,post,none,bernadette,4,FF,73,19.118,9.616,26.252,43.349,136.747,63.168,14.496,0.083,44.755,298.25,0.064100587,0.032241408,0.088020117,0.14534451,0.458497904,0.211795474,0.064100587,0.032241408,0.088020117,0.14534451,0.458497904,0.211795474
fid22,p1,pre,none,bernadette,4,FF,55,9.341,10.426,12.5495,15.6825,223.985,27.811,4.0445,0.1285,24.8965,299.795,0.031157958,0.034777098,0.041860271,0.052310746,0.747127204,0.092766724,0.031157958,0.034777098,0.041860271,0.052310746,0.747127204,0.092766724
fid22,p2,post,left,bernadette,4,FF,33,1.869,4.003,5.073,15.946,247.953,24.862,7.489,0.023,19.032,299.706,0.006236111,0.013356423,0.016926588,0.053205475,0.827320774,0.082954629,0.006236111,0.013356423,0.016926588,0.053205475,0.827320774,0.082954629
fid22,p2,pre,right,bernadette,4,FF,50,0,0,0,0,277.6725,21.0255,300,0.3705,300,298.698,0,0,0,0,0.929609505,0.070390495,0,0,0,0,0.929609505,0.070390495
fid22,p3,post,right,bernadette,4,FF,23,0,0,0,0,290.009,9.734,300,0.267,300,299.743,0,0,0,0,0.967525514,0.032474486,0,0,0,0,0.967525514,0.032474486
fid22,p3,pre,left,bernadette,4,FF,28,2.3,5.472,2.406,4.2765,262.08,23.0405,70.9765,0.5235,76.5385,299.575,0.007677543,0.018265877,0.008031378,0.014275223,0.874839356,0.076910623,0.007677543,0.018265877,0.008031378,0.014275223,0.874839356,0.076910623
fid11,p1,post,none,bernice,5,LS,61,12.542,42.713,32.896,30.662,146.035,32.034,2.983,26.409,38.06,296.882,0.042245741,0.143871976,0.110804966,0.103280091,0.49189577,0.107901456,0.042245741,0.143871976,0.110804966,0.103280091,0.49189577,0.107901456
fid11,p1,pre,none,bernice,5,LS,54.5,27.1925,137.8555,58.402,19.8465,18.252,35.086,261.0945,19.647,35.03,296.6345,0.091670052,0.46473185,0.196882021,0.066905569,0.061530267,0.11828024,0.091670052,0.46473185,0.196882021,0.066905569,0.061530267,0.11828024
fid11,p2,post,right,bernice,5,LS,12,3.342,1.775,1.634,0,272.438,18.417,300,1.193,298.225,297.606,0.011229612,0.005964261,0.005490481,0,0.915431813,0.061883833,0.011229612,0.005964261,0.005490481,0,0.915431813,0.061883833
fid11,p2,pre,left,bernice,5,LS,37.5,10.6775,24.9555,22.8245,10.2795,201.875,29.624,5.471,0.2575,11.346,300.236,0.03556369,0.083119613,0.076021863,0.034238066,0.672387722,0.098669047,0.03556369,0.083119613,0.076021863,0.034238066,0.672387722,0.098669047
fid11,p3,post,left,bernice,5,LS,35,10.678,56.592,20.011,8.145,183.735,18.017,3.155,54.017,11.6,297.178,0.035931327,0.190431324,0.067336748,0.027407816,0.61826582,0.060626964,0.035931327,0.190431324,0.067336748,0.027407816,0.61826582,0.060626964
fid11,p3,pre,right,bernice,5,LS,7,0,0,0,0,297.3165,2.2655,300,0.677,300,299.582,0,0,0,0,0.992437797,0.007562203,0,0,0,0,0.992437797,0.007562203
fid23,p1,post,none,bess,4,LL,33,2.705,133.013,15.12,136.707,6.938,4.804,0.747,7.9,12.491,299.287,0.009038147,0.444432936,0.050520069,0.456775603,0.023181762,0.016051482,0.009038147,0.444432936,0.050520069,0.456775603,0.023181762,0.016051482
fid23,p1,pre,none,bess,4,LL,63.5,8.072,126.5675,46.803,51.116,49.932,18.0495,11.317,162.0755,78.0205,300.54,0.026858322,0.421133626,0.155729687,0.170080522,0.166140946,0.060056898,0.026858322,0.421133626,0.155729687,0.170080522,0.166140946,0.060056898
fid23,p2,post,left,bess,4,LL,60,16.278,32.649,52.227,120.201,42.575,31.255,26.394,52.384,1.423,295.185,0.055145079,0.110605214,0.176929722,0.407205651,0.144231584,0.105882751,0.055145079,0.110605214,0.176929722,0.407205651,0.144231584,0.105882751
fid23,p2,pre,right,bess,4,LL,61,8.935,25.8015,17.4455,20.4605,202.6385,25.0045,10.6255,0.0755,46.06,300.2855,0.029755016,0.08592323,0.058096378,0.068136823,0.674819463,0.083269089,0.029755016,0.08592323,0.058096378,0.068136823,0.674819463,0.083269089
fid23,p3,post,right,bess,4,LL,45,15.747,85.682,26.428,64.366,83.568,23.197,0.735,26.26,36.938,298.988,0.052667666,0.286573374,0.088391507,0.215279543,0.279502856,0.077585054,0.052667666,0.286573374,0.088391507,0.215279543,0.279502856,0.077585054
fid23,p3,pre,left,bess,4,LL,70,5.33,87.4725,48.8765,47.0655,78.2425,32.1265,0.993,7.216,23.292,299.1135,0.017819323,0.292439158,0.163404527,0.157349969,0.261581306,0.107405717,0.017819323,0.292439158,0.163404527,0.157349969,0.261581306,0.107405717
fid6,p1,post,none,beth,3,SS,53,12.542,127.23,46.446,29.895,45.95,38.974,5.245,2.142,11.275,301.037,0.041662653,0.422639078,0.154286682,0.09930673,0.152639044,0.129465813,0.041662653,0.422639078,0.154286682,0.09930673,0.152639044,0.129465813
fid6,p2,post,right,beth,3,SS,16,0,286.816,12.543,0,0,0,300,300,0.641,299.359,0,0.958100475,0.041899525,0,0,0,0,0.958100475,0.041899525,0,0,0
fid6,p3,post,left,beth,3,SS,6,0,296.157,3.737,0,0,0,300,300,0.872,299.894,0,0.98753893,0.01246107,0,0,0,0,0.98753893,0.01246107,0,0,0
fid36,p1,post,none,bethany,5,LS,39,22.56,9.344,19.884,2.1,210.189,34.962,2.594,6.855,34.828,299.039,0.075441665,0.03124676,0.066492999,0.007022495,0.702881564,0.116914516,0.075441665,0.03124676,0.066492999,0.007022495,0.702881564,0.116914516
fid36,p1,pre,none,bethany,5,LS,75.5,32.8755,57.378,54.689,20.4195,83.6515,46.0755,2.1715,32.468,47.891,295.089,0.111408761,0.194443032,0.185330527,0.069197767,0.283478883,0.156141029,0.111408761,0.194443032,0.185330527,0.069197767,0.283478883,0.156141029
fid36,p2,post,left,bethany,5,LS,19,16.081,159.955,19.521,0,83.816,17.18,300,0.264,134.198,296.553,0.054226395,0.539380819,0.065826345,0,0.282634133,0.057932309,0.054226395,0.539380819,0.065826345,0,0.282634133,0.057932309
fid36,p2,pre,right,bethany,5,LS,49.5,22.292,2.4185,23.885,19.063,181.971,36.974,207.0565,1.8305,212.664,286.6035,0.077779929,0.008438487,0.083338131,0.066513493,0.634922463,0.129007496,0.077779929,0.008438487,0.083338131,0.066513493,0.634922463,0.129007496
fid36,p3,post,right,bethany,5,LS,68,52.606,17.649,30.702,60.413,72.344,63.138,0.242,4.525,88.863,296.852,0.177212887,0.059453869,0.103425276,0.203512188,0.243703933,0.212691846,0.177212887,0.059453869,0.103425276,0.203512188,0.243703933,0.212691846
fid36,p3,pre,left,bethany,5,LS,81,35.605,59.347,58.9005,13.7465,68.7335,56.2005,102.985,46.679,76.693,292.533,0.121712764,0.202872838,0.201346515,0.04699128,0.234959816,0.192116787,0.121712764,0.202872838,0.201346515,0.04699128,0.234959816,0.192116787
fid26,p1,post,none,beverly,5,LS,11,0,0,0,0,290.41,9.567,300,0.107,300,299.977,0,0,0,0,0.968107555,0.031892445,0,0,0,0,0.968107555,0.031892445
fid26,p1,pre,none,beverly,5,LS,93,17.3435,94.496,47.535,17.618,77.9585,44.5595,2.5475,119.014,9.0215,299.5105,0.05790615,0.31550146,0.15870896,0.058822646,0.260286367,0.148774417,0.05790615,0.31550146,0.15870896,0.058822646,0.260286367,0.148774417
fid26,p2,post,left,beverly,5,LS,31,9.767,20.702,13.812,23.359,220.358,14.022,209.111,0.092,225.962,302.02,0.032338918,0.068545129,0.045732071,0.07734256,0.729613933,0.046427389,0.032338918,0.068545129,0.045732071,0.07734256,0.729613933,0.046427389
fid26,p2,pre,right,beverly,5,LS,104.5,15.9315,43.0445,54.6955,75.1805,56.491,53.8685,9.727,0.049,13.781,299.2115,0.053244945,0.143859778,0.182798789,0.251262067,0.188799562,0.180034858,0.053244945,0.143859778,0.182798789,0.251262067,0.188799562,0.180034858
fid26,p3,post,right,beverly,5,LS,1,0,0,0,0,299.583,0,300,0.321,300,299.583,0,0,0,0,1,0,0,0,0,0,1,0
fid26,p3,pre,left,beverly,5,LS,88.5,20.4665,69.2105,73.7135,49.9645,41.916,44.9275,114.8795,1.5285,13.092,300.1985,0.068176557,0.23054912,0.245549195,0.166438207,0.139627613,0.149659309,0.068176557,0.23054912,0.245549195,0.166438207,0.139627613,0.149659309
fid4,p1,post,none,beyonce,4,FF,37,17.744,46.715,56.852,22.691,109.169,48.414,58.698,84.858,25.467,301.585,0.058835817,0.154898287,0.188510702,0.075239153,0.361984184,0.160531857,0.058835817,0.154898287,0.188510702,0.075239153,0.361984184,0.160531857
fid4,p1,pre,none,beyonce,4,FF,127.5,24.9725,72.6235,46.3765,22.951,79.419,52.6475,7.83,1.187,11.038,298.99,0.08352286,0.242896083,0.155110539,0.076761765,0.265624268,0.176084484,0.08352286,0.242896083,0.155110539,0.076761765,0.265624268,0.176084484
fid4,p2,post,left,beyonce,4,FF,69,9.343,107.036,85.898,34.589,25.094,35.117,164.688,221.198,5.816,297.077,0.031449759,0.360297162,0.289143892,0.116431094,0.084469683,0.118208411,0.031449759,0.360297162,0.289143892,0.116431094,0.084469683,0.118208411
fid4,p2,pre,right,beyonce,4,FF,106.5,18.6445,77.5755,71.509,22.3735,58.596,51.3085,5.5235,9.5,1.0195,300.007,0.062146883,0.258578966,0.238357772,0.074576593,0.195315443,0.171024343,0.062146883,0.258578966,0.238357772,0.074576593,0.195315443,0.171024343
fid4,p3,post,right,beyonce,4,FF,16,1.863,258.819,21.094,18.303,0,0,1.052,300,22.66,300.079,0.006208365,0.862502874,0.070294822,0.060993938,0,0,0.006208365,0.862502874,0.070294822,0.060993938,0,0
fid4,p3,pre,left,beyonce,4,FF,102.5,20.6855,60.872,63.189,38.0525,50.182,66.347,2.924,27.3495,13.656,299.328,0.069106465,0.203362198,0.21110287,0.12712643,0.167648867,0.22165317,0.069106465,0.203362198,0.21110287,0.12712643,0.167648867,0.22165317
fid37,p1,post,none,bianca,1,LL,15,2.405,228.655,15.479,15.221,4.541,20.925,0.784,47.867,33.186,287.226,0.008373197,0.796080438,0.053891361,0.052993113,0.01580985,0.07285204,0.008373197,0.796080438,0.053891361,0.052993113,0.01580985,0.07285204
fid37,p1,pre,none,bianca,1,LL,22,7.2495,229.0315,14.828,35.393,5.2715,7.172,23.2455,15.6375,1.177,298.9455,0.02425024,0.766131285,0.049601014,0.118392817,0.017633649,0.023990995,0.02425024,0.766131285,0.049601014,0.118392817,0.017633649,0.023990995
fid37,p2,post,right,bianca,1,LL,11,6.13,143.687,9.842,0,128.566,11.108,300,152.195,0.242,299.333,0.020478865,0.48002392,0.032879769,0,0.429508273,0.037109173,0.020478865,0.48002392,0.032879769,0,0.429508273,0.037109173
fid37,p2,pre,left,bianca,1,LL,39.5,8.063,163.1565,20.621,0.6675,88.6245,13.4525,186.0745,3.119,35.1505,294.585,0.027370708,0.553852029,0.07000017,0.002265899,0.300845257,0.045665937,0.027370708,0.553852029,0.07000017,0.002265899,0.300845257,0.045665937
fid37,p3,post,left,bianca,1,LL,1,0,0,0,0,299.855,0,300,0.023,300,299.855,0,0,0,0,1,0,0,0,0,0,1,0
fid37,p3,pre,right,bianca,1,LL,44.5,17.8925,-91.8125,30.892,1.6005,155.7485,35.629,104.1635,0.956,37.3075,149.95,0.119323108,-0.612287429,0.206015338,0.010673558,1.038669557,0.237605869,0.119323108,-0.612287429,0.206015338,0.010673558,1.038669557,0.237605869
fid8,p1,post,none,blossom,2,INT,43,42.726,14.95,76.612,80.081,9.874,67.071,0.769,37.706,94.997,291.314,0.146666484,0.051319195,0.262987704,0.274895817,0.033894698,0.230236103,0.146666484,0.051319195,0.262987704,0.274895817,0.033894698,0.230236103
fid8,p2,post,right,blossom,2,INT,34,25.837,115.849,68.335,56.594,20.951,13.551,37.07,276.444,7.043,301.117,0.085803857,0.384730852,0.226938366,0.187946878,0.069577606,0.045002441,0.085803857,0.384730852,0.226938366,0.187946878,0.069577606,0.045002441
fid8,p3,post,left,blossom,2,INT,1,0,0,0,0,298.432,0,300,1.436,300,298.432,0,0,0,0,1,0,0,0,0,0,1,0
fid16,p1,post,none,carla,7,LL,46,18.25,8.012,27.495,69.038,131.896,45.378,14.417,3.55,30.242,300.069,0.060819345,0.026700526,0.091628925,0.23007375,0.439552236,0.151225218,0.060819345,0.026700526,0.091628925,0.23007375,0.439552236,0.151225218
fid16,p1,pre,none,carla,7,LL,79.5,21.2445,41.9275,50.052,20.424,89.2435,73.9625,3.054,32.25,15.3575,296.854,0.071565483,0.141239465,0.168608137,0.068801498,0.30063095,0.249154467,0.071565483,0.141239465,0.168608137,0.068801498,0.30063095,0.249154467
fid16,p2,post,left,carla,7,LL,53,27.191,87.95,63.534,25.359,57.658,36.567,221.472,1.836,45.23,298.259,0.091165732,0.294877942,0.213016204,0.085023419,0.193315206,0.122601497,0.091165732,0.294877942,0.213016204,0.085023419,0.193315206,0.122601497
fid16,p2,pre,right,carla,7,LL,26,7.344,14.417,18.952,0,232.442,24.7055,300,44.177,1.6465,297.8605,0.024655837,0.048401853,0.063627101,0,0.78037202,0.08294319,0.024655837,0.048401853,0.063627101,0,0.78037202,0.08294319
fid16,p3,post,right,carla,7,LL,35,9.842,235.394,53.649,0,0,0,300,300,0.952,298.885,0.032929053,0.787573816,0.179497131,0,0,0,0.032929053,0.787573816,0.179497131,0,0,0
fid16,p3,pre,left,carla,7,LL,43,18.6655,14.815,17.2565,6.767,202.5725,36.462,1.717,10.9385,193.9785,296.5385,0.062944609,0.049959786,0.058193118,0.022819971,0.683123777,0.122958739,0.062944609,0.049959786,0.058193118,0.022819971,0.683123777,0.122958739
fid9,p1,post,none,catalina,7,LS,29,44.475,11.412,24.293,159.361,39.775,18.992,28.779,116.267,48.938,298.308,0.149090873,0.038255763,0.081435966,0.534216313,0.133335345,0.063665741,0.149090873,0.038255763,0.081435966,0.534216313,0.133335345,0.063665741
fid9,p1,pre,none,catalina,7,LS,53.5,18.3695,77.3395,75.759,46.723,46.3165,33.879,36.576,62.9775,0.804,298.3865,0.061562772,0.259192356,0.253895535,0.156585502,0.155223175,0.11354066,0.061562772,0.259192356,0.253895535,0.156585502,0.155223175,0.11354066
fid9,p2,post,left,catalina,7,LS,25,5.602,4.721,22.824,169.507,30.695,62.461,57.498,23.768,0.506,295.81,0.018937832,0.015959569,0.077157635,0.573026605,0.103765931,0.211152429,0.018937832,0.015959569,0.077157635,0.573026605,0.103765931,0.211152429
fid9,p2,pre,right,catalina,7,LS,48,1.063,6.0065,19.4905,10.4145,161.8665,98.5165,15.7675,36.155,0.52,297.3575,0.003574822,0.020199591,0.065545682,0.035023499,0.544349815,0.331306592,0.003574822,0.020199591,0.065545682,0.035023499,0.544349815,0.331306592
fid9,p3,post,right,catalina,7,LS,23,16.28,97.137,8.01,97.433,69.169,10.945,0.967,134.597,89.887,298.974,0.054452896,0.324901162,0.026791627,0.325891215,0.231354566,0.036608535,0.054452896,0.324901162,0.026791627,0.325891215,0.231354566,0.036608535
fid9,p3,pre,left,catalina,7,LS,44.5,2.3375,35.357,52.52,180.18,6.941,19.997,33.4575,92.3135,2.7125,297.3325,0.007861569,0.11891401,0.176637266,0.605988245,0.023344236,0.067254673,0.007861569,0.11891401,0.176637266,0.605988245,0.023344236,0.067254673
fid34,p1,post,none,charlotte,6,INT,78,40.563,73.407,42.981,33.746,72.074,36.642,17.118,24.489,12.376,299.413,0.13547508,0.245169715,0.143550881,0.112707197,0.240717671,0.122379456,0.13547508,0.245169715,0.143550881,0.112707197,0.240717671,0.122379456
fid34,p1,pre,none,charlotte,6,INT,39.5,15.2175,15.891,10.143,12.142,214.9265,28.102,3.601,9.275,26.714,296.422,0.051337283,0.053609381,0.034218108,0.040961872,0.725069327,0.094804029,0.051337283,0.053609381,0.034218108,0.040961872,0.725069327,0.094804029
fid34,p2,post,left,charlotte,6,INT,26,7.5915,6.4045,10.8095,8.811,251.754,13.996,0.16,13.091,2.4125,299.3665,0.025358549,0.021393509,0.036107915,0.029432151,0.840955818,0.046752058,0.025358549,0.021393509,0.036107915,0.029432151,0.840955818,0.046752058
fid34,p2,pre,right,charlotte,6,INT,70.5,19.781,18.9495,21.628,18.569,175.122,41.6455,159.597,1.477,162.839,295.695,0.066896633,0.064084614,0.073142934,0.062797815,0.592238624,0.140839378,0.066896633,0.064084614,0.073142934,0.062797815,0.592238624,0.140839378
fid34,p3,post,right,charlotte,6,INT,7,0,0,0,0,292.044,7.876,300,0.222,300,299.92,0,0,0,0,0.973739664,0.026260336,0,0,0,0,0.973739664,0.026260336
fid34,p3,pre,left,charlotte,6,INT,44,21.7565,11.2085,22.761,3.068,190.775,46.159,52.673,1.174,56.9745,295.728,0.073569293,0.037901382,0.076965996,0.010374398,0.645102932,0.156085998,0.073569293,0.037901382,0.076965996,0.010374398,0.645102932,0.156085998
fid15,p1,post,none,chloe,6,INT,65,8.801,201.572,24.779,0,47.527,15.494,300,1.208,8.865,298.173,0.029516422,0.676023651,0.083102762,0,0.159394043,0.051963122,0.029516422,0.676023651,0.083102762,0,0.159394043,0.051963122
fid15,p1,pre,none,chloe,6,INT,51,33.428,31.8295,37.939,62.3275,101.287,32.0305,36.9265,75.2695,28.802,298.8415,0.111858627,0.106509638,0.126953586,0.208563737,0.338932176,0.107182235,0.111858627,0.106509638,0.126953586,0.208563737,0.338932176,0.107182235
fid15,p2,post,left,chloe,6,INT,65,11.741,44.308,18.426,2.403,189.938,31.972,19.976,23.18,1.825,298.788,0.03929542,0.148292435,0.061669143,0.008042492,0.635694874,0.107005636,0.03929542,0.148292435,0.061669143,0.008042492,0.635694874,0.107005636
fid15,p2,pre,right,chloe,6,INT,29,5.67,5.472,5.8835,2.8725,261.9995,15.8885,196.1035,0.703,200.501,297.786,0.019040519,0.018375612,0.019757477,0.009646189,0.879824773,0.05335543,0.019040519,0.018375612,0.019757477,0.009646189,0.879824773,0.05335543
fid15,p3,post,right,chloe,6,INT,25,0,0,0,0,284.544,13.874,300,1.582,300,298.418,0,0,0,0,0.953508166,0.046491834,0,0,0,0,0.953508166,0.046491834
fid15,p3,pre,left,chloe,6,INT,20.5,4.2705,2.136,6.54,0,268.8485,14.1125,300,2.7495,43.705,295.9075,0.014431875,0.007218472,0.022101501,0,0.908555883,0.047692269,0.014431875,0.007218472,0.022101501,0,0.908555883,0.047692269
fid32,p1,post,none,claire,6,INT,30,14.69,33.9,21.352,14.946,194.857,17.616,3.423,29.586,47.669,297.361,0.049401233,0.114002845,0.071804978,0.050262139,0.655287681,0.059241124,0.049401233,0.114002845,0.071804978,0.050262139,0.655287681,0.059241124
fid32,p1,pre,none,claire,6,INT,28,28.83,69.4335,40.9125,95.594,36.169,22.542,4.02,139.828,193.681,293.481,0.098234639,0.236586014,0.139404254,0.325724664,0.123241368,0.076809061,0.098234639,0.236586014,0.139404254,0.325724664,0.123241368,0.076809061
fid32,p2,post,left,claire,6,INT,5,0,0,0,0,293.452,4.267,300,0.237,300,297.719,0,0,0,0,0.985667693,0.014332307,0,0,0,0,0.985667693,0.014332307
fid32,p2,pre,right,claire,6,INT,5,4.0555,286.373,7.695,0,0,0,300,300,1.009,298.1235,0.013603423,0.960585127,0.025811451,0,0,0,0.013603423,0.960585127,0.025811451,0,0,0
fid32,p3,post,right,claire,6,INT,1,0,0,0,0,299.805,0,300,0.195,300,299.805,0,0,0,0,1,0,0,0,0,0,1,0
fid32,p3,pre,left,claire,6,INT,3,0,291.35,6.673,0,0,0,300,300,0.699,298.023,0,0.977609111,0.022390889,0,0,0,0,0.977609111,0.022390889,0,0,0
fid2,p1,post,none,daisy,6,LL,80,18.685,29.097,32.231,10.814,163.088,44.31,10.387,13.592,5.817,298.225,0.062654036,0.097567273,0.108076117,0.036261212,0.546862268,0.148579093,0.062654036,0.097567273,0.108076117,0.036261212,0.546862268,0.148579093
fid2,p1,pre,none,daisy,6,LL,38,12.326,210.932,32.828,13.506,9.347,17.411,12.702,3.654,16.926,296.35,0.041592711,0.711766492,0.110774422,0.04557449,0.031540408,0.058751476,0.041592711,0.711766492,0.110774422,0.04557449,0.031540408,0.058751476
fid2,p2,post,left,daisy,6,LL,55,4.539,10.408,4.003,0,236.203,43.62,300,2.058,43.414,298.773,0.015192136,0.034835812,0.013398132,0,0.790576792,0.145997128,0.015192136,0.034835812,0.013398132,0,0.790576792,0.145997128
fid2,p2,pre,right,daisy,6,LL,27,11.209,210.708,17.755,3.839,42.976,12.413,227.286,142.817,0.241,298.9,0.037500836,0.704944798,0.059401138,0.01284376,0.143780529,0.041528939,0.037500836,0.704944798,0.059401138,0.01284376,0.143780529,0.041528939
fid2,p3,post,right,daisy,6,LL,65,10.411,103.355,27.758,6.409,120.373,32.036,77.22,85.064,1.645,300.342,0.034663817,0.344124365,0.092421306,0.021339007,0.400786437,0.106665068,0.034663817,0.344124365,0.092421306,0.021339007,0.400786437,0.106665068
fid2,p3,pre,left,daisy,6,LL,19,6.338,151.299,20.763,0,116.951,4.802,300,0.253,127.093,300.153,0.021115898,0.504072923,0.069174721,0,0.389637951,0.015998507,0.021115898,0.504072923,0.069174721,0,0.389637951,0.015998507
fid20,p1,post,none,daniela,7,LS,56,17.255,42.8855,41.855,62.2825,89.9565,41.461,1.077,11.4535,29.815,295.6955,0.058353949,0.145032643,0.141547639,0.21063053,0.304220051,0.140215188,0.058353949,0.145032643,0.141547639,0.21063053,0.304220051,0.140215188
fid20,p1,pre,none,daniela,7,LS,58,22.647,19.89,28.0295,42.015,150.044,36.0525,8.873,76.974,27.309,298.678,0.075824132,0.066593455,0.093845211,0.140669885,0.502360402,0.120706915,0.075824132,0.066593455,0.093845211,0.140669885,0.502360402,0.120706915
fid20,p2,post,left,daniela,7,LS,39.5,7.473,111.364,26.1915,11.711,127.8165,14.446,120.1675,89.103,0.783,299.002,0.024993144,0.372452358,0.087596404,0.039166962,0.427477074,0.048314058,0.024993144,0.372452358,0.087596404,0.039166962,0.427477074,0.048314058
fid20,p2,pre,right,daniela,7,LS,47,8.893,24.393,9.081,6.852,206.6785,43.188,241.753,0.5635,190.283,299.0855,0.029733972,0.081558618,0.030362555,0.022909837,0.691034838,0.14440018,0.029733972,0.081558618,0.030362555,0.022909837,0.691034838,0.14440018
fid20,p3,post,right,daniela,7,LS,53,12.2965,23.3505,23.7955,26.094,174.2045,34.882,241.141,1.309,147.646,294.623,0.041736389,0.079255523,0.080765928,0.088567423,0.591279364,0.118395373,0.041736389,0.079255523,0.080765928,0.088567423,0.591279364,0.118395373
fid20,p3,pre,left,daniela,7,LS,54,4.5155,181.722,75.317,5.7295,22.6035,7.478,188.493,190.744,0.196,297.3655,0.015185016,0.611106534,0.253280895,0.019267534,0.076012517,0.025147504,0.015185016,0.611106534,0.253280895,0.019267534,0.076012517,0.025147504
fid30,p1,post,none,dawn,6,LL,93,9.644,166.102,44.951,13.5785,36.2865,26.2605,22.763,15.8555,3.12,296.8225,0.032490798,0.559600435,0.151440676,0.045746195,0.122249829,0.088472067,0.032490798,0.559600435,0.151440676,0.045746195,0.122249829,0.088472067
fid30,p1,pre,none,dawn,6,LL,68.5,20.8995,41.534,27.6975,55.322,123.8305,30.359,44.159,1.5495,84.1155,299.6425,0.069748117,0.138611846,0.092435152,0.18462668,0.413260802,0.101317403,0.069748117,0.138611846,0.092435152,0.18462668,0.413260802,0.101317403
fid30,p2,post,left,dawn,6,LL,63,9.345,45.674,39.3635,25.4905,139.064,22.296,21.851,14.6755,1.5475,281.233,0.033228675,0.162406261,0.139967571,0.090638367,0.494479666,0.079279459,0.033228675,0.162406261,0.139967571,0.090638367,0.494479666,0.079279459
fid30,p2,pre,right,dawn,6,LL,127,34.485,43.8195,59.6275,25.135,77.419,58.223,7.3215,11.1075,0.853,298.709,0.115446806,0.146696283,0.199617353,0.084145439,0.259178666,0.194915453,0.115446806,0.146696283,0.199617353,0.084145439,0.259178666,0.194915453
fid30,p3,post,right,dawn,6,LL,9,0,0,0,0,295.8445,3.7555,300,0.451,300,299.6,0,0,0,0,0.987464953,0.012535047,0,0,0,0,0.987464953,0.012535047
fid30,p3,pre,left,dawn,6,LL,136.5,31.1025,63.392,58.088,19.0905,75.7925,50.275,14.3595,0.5545,8.622,297.7405,0.104461771,0.212910236,0.195096065,0.064117915,0.25455892,0.168855094,0.104461771,0.212910236,0.195096065,0.064117915,0.25455892,0.168855094
fid14,p1,post,none,delfina,7,LS,28,0,49.25,6.412,2.002,227.729,13.074,56.316,61.122,2.062,298.467,0,0.165009867,0.021483112,0.006707609,0.762995574,0.043803838,0,0.165009867,0.021483112,0.006707609,0.762995574,0.043803838
fid14,p1,pre,none,delfina,7,LS,84.5,29.371,52.858,43.7775,1.067,94.288,76.564,52.247,0.276,36.3805,297.9255,0.098585049,0.177420194,0.146941098,0.003581432,0.316481805,0.256990422,0.098585049,0.177420194,0.146941098,0.003581432,0.316481805,0.256990422
fid14,p2,post,left,delfina,7,LS,8,0,49.348,1.875,1.067,245.312,1.336,247.261,0.213,249.928,298.938,0,0.165077708,0.006272204,0.003569302,0.820611632,0.004469154,0,0.165077708,0.006272204,0.003569302,0.820611632,0.004469154
fid14,p2,pre,right,delfina,7,LS,20,5.0715,4.0045,9.8765,0,251.4135,28.9135,300,1.7265,35.033,299.2795,0.016945698,0.013380469,0.033000924,0,0.84006255,0.096610359,0.016945698,0.013380469,0.033000924,0,0.84006255,0.096610359
fid14,p3,post,right,delfina,7,LS,77,16.547,77.273,27.135,7.217,135.2,36.562,59.798,49.766,0.262,299.934,0.055168804,0.257633346,0.090469903,0.02406196,0.450765835,0.121900151,0.055168804,0.257633346,0.090469903,0.02406196,0.450765835,0.121900151
fid14,p3,pre,left,delfina,7,LS,5,0,0,0,0,295.068,3.749,300,0.711,300,298.817,0,0,0,0,0.98745386,0.01254614,0,0,0,0,0.98745386,0.01254614
fid3,p1,post,none,diana,6,LL,7,33.005,0,0,0,251.887,13.61,300,38.368,300,298.502,0.110568773,0,0,0,0.843836892,0.045594334,0.110568773,0,0,0,0.843836892,0.045594334
fid3,p1,pre,none,diana,6,LL,9,3.171,0,0,60.322,228.277,7.667,4.7,70.169,300,299.437,0.010589874,0,0,0.20145139,0.762354018,0.025604718,0.010589874,0,0,0.20145139,0.762354018,0.025604718
fid3,p2,post,left,diana,6,LL,1,0,0,0,0,298.188,0,300,1.049,300,298.188,0,0,0,0,1,0,0,0,0,0,1,0
fid3,p2,pre,right,diana,6,LL,26,12.816,6.677,22.685,17.113,194.707,43.75,124.656,0.023,48.889,297.748,0.04304311,0.022425004,0.076188589,0.057474777,0.653932184,0.146936335,0.04304311,0.022425004,0.076188589,0.057474777,0.653932184,0.146936335
fid3,p3,post,right,diana,6,LL,5,0,0,0,0,296.279,3.204,300,0.517,300,299.483,0,0,0,0,0.989301563,0.010698437,0,0,0,0,0.989301563,0.010698437
fid3,p3,pre,left,diana,6,LL,1,0,0,0,0,299.65,0,300,0.261,300,299.65,0,0,0,0,1,0,0,0,0,0,1,0
fid34,p2,post,charlotte,charlotte,6,INT,47,10.751,6.676,12.378,5.368,235.094,28.594,0.893,12.972,2.029,298.861,0.035973245,0.022338144,0.041417247,0.017961527,0.786633251,0.095676585,0.035973245,0.022338144,0.041417247,0.017961527,0.786633251,0.095676585
fid21,p1,post,largeMale,none,5,LS,55,18.676,58.454,41.441,18.492,128.227,34.629,9.387,0.023,11.056,299.919,0.062270146,0.194899289,0.138173974,0.061656647,0.427538769,0.115461175,0.062270146,0.194899289,0.138173974,0.061656647,0.427538769,0.115461175